{"nm":"Loader","ddd":0,"h":600,"w":800,"meta":{"g":"@lottiefiles/toolkit-js 0.33.2"},"layers":[{"ty":4,"nm":"Shape Layer 2","sr":1,"st":0,"op":300.00001221925,"ip":0,"hd":false,"ddd":0,"bm":0,"hasMask":false,"ao":0,"ks":{"a":{"a":0,"k":[0,0,0]},"s":{"a":0,"k":[100,100,100]},"sk":{"a":0,"k":0},"p":{"a":0,"k":[400,300,0]},"r":{"a":0,"k":0},"sa":{"a":0,"k":0},"o":{"a":0,"k":100}},"ef":[],"shapes":[{"ty":"gr","bm":0,"hd":false,"mn":"ADBE Vector Group","nm":"Shape 1","ix":1,"cix":2,"np":3,"it":[{"ty":"sh","bm":0,"hd":false,"mn":"ADBE Vector Shape - Group","nm":"Path 1","ix":1,"d":1,"ks":{"a":0,"k":{"c":true,"i":[[36.812,0],[0,-19.33],[-19.33,0],[-37.125,0],[0,-19.33],[19.33,0]],"o":[[-19.33,0],[0,19.33],[36.688,0],[19.33,0],[0,19.33],[-37.25,0]],"v":[[-44.844,-35],[-79.844,0],[-44.844,35],[44.844,-35],[79.844,0],[44.844,35]]}}},{"ty":"st","bm":0,"hd":false,"mn":"ADBE Vector Graphic - Stroke","nm":"Stroke 1","lc":1,"lj":1,"ml":4,"o":{"a":0,"k":100},"w":{"a":0,"k":12},"c":{"a":0,"k":[0.3961,0.3059,0.5412]}},{"ty":"tr","a":{"a":0,"k":[0,0],"ix":1},"s":{"a":0,"k":[100,100],"ix":3},"sk":{"a":0,"k":0,"ix":4},"p":{"a":0,"k":[0,0],"ix":2},"r":{"a":0,"k":0,"ix":6},"sa":{"a":0,"k":0,"ix":5},"o":{"a":0,"k":100,"ix":7}}]},{"ty":"tm","bm":0,"hd":false,"mn":"ADBE Vector Filter - Trim","nm":"Trim Paths 1","ix":2,"e":{"a":1,"k":[{"o":{"x":0.167,"y":0.167},"i":{"x":0,"y":1},"s":[12],"t":0},{"o":{"x":0.167,"y":0.167},"i":{"x":0.833,"y":0.833},"s":[32],"t":11.666},{"o":{"x":0.167,"y":0.167},"i":{"x":0.5,"y":1},"s":[32],"t":17.11},{"s":[53],"t":29.1662511879657}],"ix":2},"o":{"a":1,"k":[{"o":{"x":0.167,"y":0.167},"i":{"x":0.667,"y":1},"s":[-22],"t":0},{"o":{"x":0.167,"y":0.167},"i":{"x":0.667,"y":1},"s":[82.925],"t":17.11},{"s":[193],"t":35.0000014255792}],"ix":3},"s":{"a":1,"k":[{"o":{"x":0.167,"y":0.167},"i":{"x":0,"y":1},"s":[0],"t":5.834},{"o":{"x":0.167,"y":0.167},"i":{"x":0.833,"y":0.833},"s":[20],"t":17.11},{"o":{"x":0.167,"y":0.167},"i":{"x":0.611,"y":1},"s":[20],"t":23.334},{"s":[40],"t":35.0000014255792}],"ix":1},"m":1}],"ind":1},{"ty":4,"nm":"Shape Layer 1","sr":1,"st":0,"op":300.00001221925,"ip":0,"hd":false,"ddd":0,"bm":0,"hasMask":false,"ao":0,"ks":{"a":{"a":0,"k":[0,0,0]},"s":{"a":0,"k":[100,100,100]},"sk":{"a":0,"k":0},"p":{"a":0,"k":[400,300,0]},"r":{"a":0,"k":0},"sa":{"a":0,"k":0},"o":{"a":0,"k":25}},"ef":[],"shapes":[{"ty":"gr","bm":0,"hd":false,"mn":"ADBE Vector Group","nm":"Shape 1","ix":1,"cix":2,"np":3,"it":[{"ty":"sh","bm":0,"hd":false,"mn":"ADBE Vector Shape - Group","nm":"Path 1","ix":1,"d":1,"ks":{"a":0,"k":{"c":true,"i":[[36.812,0],[0,-19.33],[-19.33,0],[-37.125,0],[0,-19.33],[19.33,0]],"o":[[-19.33,0],[0,19.33],[36.688,0],[19.33,0],[0,19.33],[-37.25,0]],"v":[[-44.844,-35],[-79.844,0],[-44.844,35],[44.844,-35],[79.844,0],[44.844,35]]}}},{"ty":"st","bm":0,"hd":false,"mn":"ADBE Vector Graphic - Stroke","nm":"Stroke 1","lc":1,"lj":1,"ml":4,"o":{"a":0,"k":100},"w":{"a":0,"k":12},"c":{"a":0,"k":[0.3961,0.3059,0.5412]}},{"ty":"tr","a":{"a":0,"k":[0,0],"ix":1},"s":{"a":0,"k":[100,100],"ix":3},"sk":{"a":0,"k":0,"ix":4},"p":{"a":0,"k":[0,0],"ix":2},"r":{"a":0,"k":0,"ix":6},"sa":{"a":0,"k":0,"ix":5},"o":{"a":0,"k":100,"ix":7}}]}],"ind":2}],"v":"4.6.9","fr":29.9700012207031,"op":34.0000013848484,"ip":0,"assets":[]}