{
    "admin":{
        "viewOrders":"select o.user_id,o.store_id,u.name,o.id,o.no_of_guest,o.arrival_time,o.food_type,o.status,c.id as cartId,ci.productName from order_bookings o left join users u on o.user_id=u.id left join carts c on o.user_id=c.user_id and o.store_id=c.store_id left join (select ci.cart_id,GROUP_CONCAT(p.name SEPARATOR ',') as productName from cart_items ci left join products p on ci.product_id=p.id group by ci.cart_id) ci on c.id=ci.cart_id where o.store_id=%L",
        "addCategory":"INSERT INTO product_categories (name,status,created_at) VALUES (%L,%L,%L)",
        "storeCategories":"select sc.store_id,MAX(s.name) as storeName,GROUP_CONCAT(COALESCE(sc.category_id,'')) as category_id,GROUP_CONCAT(COALESCE(p.name,'')) as categoryName from store_categories sc left join stores s on s.id=sc.store_id left join product_categories p on sc.category_id=p.id where sc.category_id IS NOT NULL group by sc.store_id",
        "storeCategories2":"SELECT sp.store_id as storeId,MAX(s.name) as storeName,sp.food_category_id,MAX(pc.name) as categoryName,GROUP_CONCAT(sp.product_id) as productId,GROUP_CONCAT(p.name) as productName,GROUP_CONCAT(sp.half_amount) as half_amount,GROUP_CONCAT(sp.full_amount) as full_amount,GROUP_CONCAT(sp.status) as status,GROUP_CONCAT(sp.created_at) as created_at FROM myadmin.store_products sp left join products p on sp.product_id=p.id left join product_categories pc on sp.food_category_id=pc.id left join stores s on sp.store_id=s.id group by sp.store_id,sp.food_category_id"
    }
}